{
    "loss": 176428.609375,
    "accuracy": 0.4313725531101227
}