{
    "loss": 1832.5521240234375,
    "accuracy": 0.4313725531101227
}