{
    "loss": 225.822265625,
    "accuracy": 0.5686274766921997
}