{
<<<<<<< HEAD
    "loss": 1832.5521240234375,
=======
    "loss": 176428.609375,
>>>>>>> origin/main
    "accuracy": 0.4313725531101227
}